episode,G,baseline,total_rate_ep,loss,entropy,grad_norm,duration_sec
1,8852.2890625,8852.2890625,14931.556461334229,-0.008497495204210281,13.527946472167969,0.27216362953186035,2.5326242446899414
2,10266.134765625,8922.981347656249,16174.831001281738,-0.01145607978105545,13.527766227722168,0.3160676956176758,2.0563440322875977
3,9238.76953125,8938.770756835936,14785.774501800537,0.01933053880929947,13.527612686157227,0.4377724826335907,2.070101022720337
4,9985.259765625,8991.09520727539,16295.387479782104,0.011460571549832821,13.52745246887207,0.37095779180526733,2.0404069423675537
5,9462.759765625,9014.67843519287,15380.204708099365,-0.020696677267551422,13.527490615844727,0.3306303322315216,2.419171094894409
6,9096.2685546875,9018.757941167602,14818.45779800415,-0.008197669871151447,13.527360916137695,0.2106364369392395,2.02474308013916
7,9128.111328125,9024.225610515472,14942.81852722168,0.009302320890128613,13.527324676513672,0.36068788170814514,2.0682342052459717
8,9197.0537109375,9032.867015536573,14881.034614562988,0.017765454947948456,13.5271635055542,0.3837827444076538,1.8855078220367432
9,8640.4951171875,9013.248420619118,13592.983808517456,-0.013124847784638405,13.527212142944336,0.28532665967941284,2.9692368507385254
10,7699.03076171875,8947.5375376741,12863.119695663452,0.0004610252508427948,13.527148246765137,0.3129972815513611,2.4677839279174805
11,9366.78125,8968.499723290393,15514.485294342041,0.018735093995928764,13.527093887329102,0.39076364040374756,2.509251117706299
12,8436.92578125,8941.921026188373,14183.302728652954,0.004574861377477646,13.527087211608887,0.26149415969848633,2.005518674850464
13,9200.4169921875,8954.845824488328,15221.495977401733,-0.015579824335873127,13.5271577835083,0.39133208990097046,2.006563901901245
14,9411.3935546875,8977.673210998286,15626.032691955566,-0.007886171340942383,13.527046203613281,0.3076721429824829,2.0758752822875977
15,8347.9580078125,8946.187450838996,13349.350299835205,-0.034999046474695206,13.52688980102539,0.263517826795578,2.1705727577209473
16,10098.521484375,9003.804152515797,16555.432218551636,-0.010839300230145454,13.526938438415527,0.3205062448978424,1.9997119903564453
17,7481.99755859375,8927.713822819695,12189.25721359253,0.0045822239480912685,13.52662467956543,0.2819088399410248,1.991163969039917
18,7675.55810546875,8865.106036952146,12501.080328941345,-0.019614381715655327,13.52669906616211,0.37925300002098083,1.9438889026641846
19,7885.21728515625,8816.11159936235,12716.533840179443,0.007585878483951092,13.526698112487793,0.2656053304672241,2.009486198425293
20,9929.7080078125,8871.791419784857,15566.930160522461,0.003918857779353857,13.526192665100098,0.16783346235752106,2.557062864303589
21,8921.5732421875,8874.28051090499,14526.077430725098,-0.011677494272589684,13.526423454284668,0.17687053978443146,1.9796080589294434
22,7562.38720703125,8808.685845711301,13018.177305221558,0.00011261939653195441,13.526362419128418,0.27802783250808716,2.069546937942505
23,9288.58203125,8832.680654988237,15141.447063446045,-0.016733283177018166,13.526162147521973,0.21860328316688538,2.0321450233459473
24,9256.60546875,8853.876895676323,15090.334409713745,0.015520172193646431,13.526305198669434,0.17175939679145813,1.9064292907714844
25,9198.806640625,8871.123382923757,14624.804904937744,0.005720081273466349,13.525875091552734,0.1273932307958603,2.0387871265411377
26,9351.4931640625,8895.141871980693,14965.720481872559,0.0025348567869514227,13.526015281677246,0.3282619118690491,1.98260498046875
27,8470.89453125,8873.929504944159,13584.024192810059,-0.009808407165110111,13.526040077209473,0.36914560198783875,2.6923370361328125
28,9776.90625,8919.07834219695,15361.577354431152,0.00493105873465538,13.52591323852539,0.2517559826374054,2.039297103881836
29,9814.73828125,8963.861339149602,16797.052428245544,-0.010820283554494381,13.525932312011719,0.4060148298740387,1.970134973526001
30,8092.34619140625,8920.285581762433,13682.139988899231,-0.01400801632553339,13.525900840759277,0.23220111429691315,2.0138978958129883
31,8416.3603515625,8895.089320252437,14306.317907333374,0.0007942199590615928,13.525686264038086,0.26644349098205566,1.9432158470153809
32,8899.8681640625,8895.32826244294,14788.895727157593,-0.014509821310639381,13.5255765914917,0.40705013275146484,2.1094918251037598
33,8774.2744140625,8889.275570023916,14635.700550079346,0.018254393711686134,13.525778770446777,0.21099986135959625,1.9468400478363037
34,8445.37890625,8867.08073683522,14439.289262771606,0.029529208317399025,13.525769233703613,0.2603798508644104,1.9742910861968994
35,9312.650390625,8889.359219524707,14962.303876876831,-0.01848589815199375,13.525747299194336,0.24830396473407745,1.860008955001831
36,8250.21484375,8857.402000735972,12755.16236114502,0.00930795632302761,13.52560043334961,0.2701359987258911,2.0841500759124756
37,8187.3798828125,8823.900894839799,13546.94525718689,0.014759311452507973,13.525717735290527,0.30862465500831604,2.031586170196533
38,8294.9580078125,8797.453750488434,13871.60663664341,-0.021174507215619087,13.525826454162598,0.28657853603363037,2.1999711990356445
39,8543.869140625,8784.77451999526,13777.619484901428,-0.020702801644802094,13.525856971740723,0.40957212448120117,2.907940149307251
40,9705.3896484375,8830.805276417372,16626.39315223694,-0.004099512007087469,13.525857925415039,0.3945681154727936,2.0104498863220215
41,8878.548828125,8833.192454002752,14214.25290775299,0.01698635146021843,13.52578353881836,0.3104535937309265,2.025050163269043
42,8704.1171875,8826.738690677616,14928.558214187622,-0.015497999265789986,13.525764465332031,0.4864906668663025,2.025480031967163
43,9720.638671875,8871.433689737483,15954.459902763367,-0.0023976992815732956,13.525769233703613,0.270204097032547,2.081851005554199
44,7607.71044921875,8808.247527711546,12833.596730232239,-0.010109176859259605,13.525686264038086,0.27512526512145996,1.9551880359649658
45,10238.046875,8879.73749507597,17035.39897584915,0.004346923902630806,13.525615692138672,0.47142598032951355,1.9608371257781982
46,8567.0576171875,8864.103501181546,13930.465644836426,0.0012557124719023705,13.525566101074219,0.35968127846717834,1.849452257156372
47,8612.3359375,8851.515122997467,14138.170345306396,0.030804509297013283,13.525422096252441,0.37135782837867737,1.9551000595092773
48,8736.5869140625,8845.768712550718,14422.140567779541,-0.04289086163043976,13.525586128234863,0.42515042424201965,1.9229278564453125
49,8094.244140625,8808.192483954432,13650.986453056335,-0.03975338861346245,13.5255765914917,0.3564715087413788,1.901489019393921
50,9405.572265625,8838.06147303796,15676.61259174347,-0.01828182302415371,13.52542495727539,0.2932477593421936,1.93914794921875
51,10994.4873046875,8945.882764620437,18020.29114460945,0.011702642776072025,13.525461196899414,0.2193589061498642,2.096544027328491
52,7742.0869140625,8885.69297209254,13085.967525482178,-0.0024520300794392824,13.52527141571045,0.4138595163822174,2.039919853210449
53,8618.673828125,8872.342014894162,14540.839802980423,-0.003979730419814587,13.525286674499512,0.21586546301841736,2.3717219829559326
54,9125.5654296875,8885.003185633828,14594.973365783691,0.008579272776842117,13.524975776672363,0.2118094563484192,2.2955613136291504
55,8766.8359375,8879.094823227137,14841.02724647522,0.010192079469561577,13.524967193603516,0.2755970060825348,2.222463846206665
56,7250.30078125,8797.65512112828,12447.623136520386,0.0031965638045221567,13.524955749511719,0.30088675022125244,2.029646873474121
57,8699.8330078125,8792.76401546249,14877.394939422607,0.004861135501414537,13.524866104125977,0.1861182302236557,1.9317512512207031
58,8737.22265625,8789.986947501866,14670.323505401611,0.0005987358163110912,13.52499008178711,0.25575491786003113,1.9508259296417236
59,8790.28515625,8790.001857939273,14514.588212966919,-0.01057168934494257,13.524924278259277,0.286770761013031,1.886955976486206
60,9105.228515625,8805.763190823558,15642.50139427185,-0.009340153075754642,13.524825096130371,0.22224479913711548,2.131844997406006
61,9015.3359375,8816.24182815738,15039.130895614624,0.018747739493846893,13.525043487548828,0.2978575527667999,1.9641799926757812
62,9043.498046875,8827.604639093259,14766.821811676025,-0.005316200200468302,13.52486801147461,0.4383169710636139,2.0071587562561035
63,9019.787109375,8837.213762607345,14929.955461502075,0.03890053927898407,13.524933815002441,0.30323514342308044,2.014385223388672
64,8983.4970703125,8844.527927992604,14626.048132896423,0.037094078958034515,13.52491569519043,0.381186842918396,1.9869730472564697
65,6810.80712890625,8742.841888038285,11441.419595718384,0.007373294793069363,13.5250825881958,0.30617690086364746,2.076235055923462
66,8185.484375,8714.97401238637,13594.84348487854,-0.0064979554153978825,13.52514934539795,0.23835235834121704,1.961669683456421
67,8056.03076171875,8682.02684985299,13394.071067810059,-0.005522718653082848,13.525372505187988,0.15892843902111053,1.909999132156372
68,8138.27197265625,8654.839105993153,13733.201835632324,0.026988554745912552,13.525165557861328,0.23840738832950592,1.9787020683288574
69,8699.724609375,8657.083381162245,14707.726206302643,-0.0028509902767837048,13.525444030761719,0.16963911056518555,1.9539198875427246
70,8260.3935546875,8637.248889838507,13654.963039398193,0.00620659813284874,13.525639533996582,0.15826451778411865,2.0040318965911865
71,9616.875,8686.230195346581,15708.108558654785,0.0012148761888965964,13.5254545211792,0.31067392230033875,2.124056816101074
72,8059.28564453125,8654.882967805815,13008.699077606201,-0.025183897465467453,13.525625228881836,0.24157433211803436,2.126673936843872
73,8657.4501953125,8655.011329181149,14750.824417114258,-0.01440353412181139,13.525664329528809,0.21398934721946716,1.9309439659118652
74,8717.7333984375,8658.147432643966,14592.65899848938,-0.0003269290900789201,13.525710105895996,0.28323477506637573,2.0539300441741943
75,9981.6416015625,8724.322141089893,16373.794654846191,-0.0019303035223856568,13.525703430175781,0.3878413736820221,2.059406042098999
76,8422.818359375,8709.246952004149,13878.123050689697,-0.006044616922736168,13.525888442993164,0.23885245621204376,1.8523168563842773
77,8027.43603515625,8675.156406161754,13208.324981689453,-0.00894209835678339,13.525748252868652,0.4302249252796173,2.0707671642303467
78,8729.01171875,8677.849171791166,14302.11841583252,0.0047817230224609375,13.525877952575684,0.29136544466018677,1.980353832244873
79,10179.853515625,8752.949388982857,16658.817200660706,-0.018648119643330574,13.525752067565918,0.2414066642522812,2.4969420433044434
80,6999.98486328125,8665.301162697777,11537.550423622131,0.03785283863544464,13.525762557983398,0.3955460488796234,2.1889970302581787
81,8490.4833984375,8656.560274484762,14278.937715828419,-0.005458698142319918,13.525921821594238,0.13006076216697693,2.5321500301361084
82,8208.9521484375,8634.179868182398,13440.125213623047,-0.03562883287668228,13.525973320007324,0.313494473695755,2.2949278354644775
83,9746.2255859375,8689.782154070153,15958.145544528961,-0.03531720116734505,13.525800704956055,0.28729069232940674,2.2243130207061768
84,7835.35595703125,8647.060844218207,12789.565196990967,0.002356309909373522,13.525699615478516,0.21097123622894287,2.1597039699554443
85,8618.0166015625,8645.608632085421,14487.79972076416,-0.007674589287489653,13.525742530822754,0.38632649183273315,2.185561180114746
86,10304.4775390625,8728.552077434275,16808.03483390808,0.002424221020191908,13.525472640991211,0.3283720016479492,2.0910139083862305
87,8692.2255859375,8726.735752859435,14685.756244659424,0.011280898936092854,13.52566146850586,0.22068914771080017,2.2736129760742188
88,9391.916015625,8759.994765997712,15580.907943725586,-0.00021632194693665951,13.525537490844727,0.19303037226200104,2.1562249660491943
89,8817.7724609375,8762.8836507447,14847.217862129211,-0.006185188423842192,13.525622367858887,0.38674744963645935,1.976337194442749
90,10185.4931640625,8834.01412641059,16062.937140464783,-0.0109343146905303,13.525527000427246,0.17515698075294495,1.9169349670410156
91,9143.54296875,8849.49056852756,15387.897493362427,0.024394894018769264,13.525465965270996,0.26737070083618164,2.0641698837280273
92,8961.40625,8855.086352601182,14659.939590930939,0.03259805589914322,13.5254545211792,0.3508557975292206,2.046445846557617
93,8859.6181640625,8855.312943174247,14179.943408966064,-0.012490654364228249,13.525810241699219,0.34512752294540405,2.3221092224121094
94,7776.57666015625,8801.376129023347,13133.6115706563,0.0027455901727080345,13.52584457397461,0.2066706269979477,2.1623270511627197
95,9732.7080078125,8847.942722962805,16080.205476760864,0.004217357840389013,13.52570915222168,0.16326315701007843,2.142704963684082
96,8849.92578125,8848.041875877165,14496.785700321198,-0.009822330437600613,13.525764465332031,0.26743534207344055,2.076657772064209
97,8921.8681640625,8851.733190286432,14674.938943862915,-0.005692443810403347,13.525469779968262,0.3493158519268036,2.16153621673584
98,9979.3095703125,8908.112009287735,16446.995376586914,0.011354799382388592,13.525935173034668,0.26708984375,2.902398109436035
99,7286.3759765625,8827.025207651472,12166.087047100067,-0.013154907152056694,13.525795936584473,0.12172108888626099,2.300259828567505
100,8864.384765625,8828.893185550147,14547.452390670776,-0.0020123578142374754,13.525959014892578,0.3056693375110626,2.70396089553833
101,8414.2685546875,8808.161954007015,14119.23426246643,0.0014789104461669922,13.525528907775879,0.1288769692182541,2.110581159591675
102,10084.3955078125,8871.97363169729,16467.95068359375,-0.019639864563941956,13.525461196899414,0.19427084922790527,2.7444190979003906
103,8270.1865234375,8841.884276284301,13909.882889270782,0.02225148119032383,13.525944709777832,0.28685837984085083,2.142038106918335
104,9059.6767578125,8852.77390036071,14842.025283813477,-0.00595016498118639,13.525572776794434,0.3209630846977234,2.1297249794006348
105,7658.8310546875,8793.076758077048,13006.661277770996,0.0017892456380650401,13.525531768798828,0.281671941280365,1.8601899147033691
106,7909.47802734375,8748.896821540384,12804.851795196533,0.00206414214335382,13.52573013305664,0.2934685945510864,1.9712669849395752
107,8848.2841796875,8753.866189447739,14306.809940338135,0.020997973158955574,13.525303840637207,0.27980515360832214,2.0740296840667725
108,9444.060546875,8788.375907319101,15382.724455356598,0.004894790705293417,13.525777816772461,0.24927082657814026,1.997790813446045
109,9395.87890625,8818.751057265647,15158.110652923584,0.02811635099351406,13.525429725646973,0.28556931018829346,2.0899322032928467
110,9020.9306640625,8828.86003760549,14936.84567642212,-0.003922395873814821,13.525616645812988,0.3218337297439575,1.9388129711151123
111,9839.4697265625,8879.39052205334,15955.762503623962,-0.047872573137283325,13.526144981384277,0.47817447781562805,2.163940906524658
112,7276.27685546875,8799.234838724109,12403.276298761368,-0.010109138675034046,13.52627182006836,0.35476431250572205,1.9292511940002441
113,7865.162109375,8752.531202256654,13134.043721199036,0.011434545740485191,13.526057243347168,0.23313283920288086,2.0837607383728027
114,8201.9736328125,8725.003323784447,13854.655990600586,0.004804372787475586,13.525957107543945,0.3402200937271118,2.364861011505127
115,9012.189453125,8739.362630251475,15439.578323364258,0.01765468530356884,13.525810241699219,0.2364886850118637,3.325096845626831
116,10074.2705078125,8806.108024129526,16596.437923431396,0.0005878639058209956,13.526084899902344,0.15462858974933624,2.7593719959259033
117,9898.0810546875,8860.706675657424,16069.190437316895,0.02484983392059803,13.525859832763672,0.32041311264038086,3.252254009246826
118,9020.2392578125,8868.683304765178,15422.988450050354,0.030096378177404404,13.526381492614746,0.3726918697357178,3.7791202068328857
119,10869.7705078125,8968.737664917544,17837.774829864502,-0.002919168444350362,13.526076316833496,0.18488502502441406,2.7773990631103516
120,8716.6875,8956.135156671668,14443.275594711304,0.019836224615573883,13.526345252990723,0.2374989539384842,2.4297220706939697
121,8482.0517578125,8932.43098672871,13781.948043823242,-0.009270982816815376,13.526206016540527,0.3101249039173126,2.9199910163879395
122,8919.0556640625,8931.7622205954,15015.65622138977,0.03951529413461685,13.526195526123047,0.3666623830795288,2.828855037689209
123,9535.9189453125,8961.970056831255,15817.936564445496,0.017908163368701935,13.52667236328125,0.21865727007389069,3.7585809230804443
124,9852.8974609375,9006.516427036566,16256.283800125122,0.00436262134462595,13.5265474319458,0.23615075647830963,3.080972909927368
125,9134.0810546875,9012.89465841911,14667.500204086304,0.013512191362679005,13.52634048461914,0.26555904746055603,2.7048850059509277
126,8199.6865234375,8972.234251670028,13780.958473205566,-0.02340257726609707,13.526470184326172,0.2972221076488495,2.0371036529541016
127,9201.4306640625,8983.69407228965,15470.92012310028,0.021626673638820648,13.527270317077637,0.1886279284954071,2.4099903106689453
128,9146.0791015625,8991.813323753293,14769.543234825134,-0.013598165474832058,13.527301788330078,0.24045729637145996,2.0161101818084717
129,8660.3486328125,8975.240089206252,13764.753658294678,-0.02298576384782791,13.527229309082031,0.4134802222251892,2.1918530464172363
130,8230.234375,8937.989803495939,13660.626295089722,0.030826415866613388,13.527714729309082,0.40628936886787415,1.9550971984863281
131,7424.8310546875,8862.331866055516,12445.900611877441,-0.020281611010432243,13.527422904968262,0.2571166157722473,2.6563432216644287
132,9498.607421875,8894.145643846488,15882.547857284546,0.004854879342019558,13.527592658996582,0.3025861084461212,2.1585540771484375
133,7353.2802734375,8817.102375326038,12558.338275909424,0.002145481063053012,13.527641296386719,0.19223953783512115,1.8997418880462646
134,7453.732421875,8748.933877653486,12811.883514404297,-0.014695615507662296,13.527556419372559,0.42653748393058777,1.824563980102539
135,8686.7802734375,8745.826197442686,14664.957052230835,0.010188055224716663,13.527953147888184,0.2929728031158447,1.7757980823516846
136,9983.083984375,8807.689086789302,16081.988931655884,-0.021799221634864807,13.527246475219727,0.31016233563423157,1.9320409297943115
137,9613.3544921875,8847.97235705921,15430.8880443573,-0.015800751745700836,13.527719497680664,0.2394932359457016,1.9570369720458984
138,9937.4130859375,8902.444393503125,16015.059126615524,0.007819481194019318,13.52770709991455,0.32423487305641174,2.058751106262207
139,9035.083984375,8909.076373046719,14687.594984054565,0.00929250754415989,13.527702331542969,0.1565800905227661,2.1414389610290527
140,7932.400390625,8860.242573925632,13391.716533660889,0.0027177620213478804,13.527663230895996,0.2686220407485962,1.9130859375
141,8643.76171875,8849.41853116685,14692.967266082764,-0.0015845107845962048,13.527897834777832,0.2959265112876892,1.9633631706237793
142,8650.640625,8839.479635858508,14483.786115646362,-0.008165798150002956,13.527436256408691,0.24920505285263062,1.9669389724731445
143,9773.4296875,8886.177138440582,16250.72957611084,-0.00894725788384676,13.52773666381836,0.35102108120918274,1.9889070987701416
144,11411.712890625,9012.453926049802,18886.135723114014,0.01839522272348404,13.527518272399902,0.2996126413345337,2.0019383430480957
145,9920.9287109375,9057.877665294187,16128.396976470947,0.0036200047470629215,13.527502059936523,0.27050942182540894,1.9936871528625488
146,8880.9140625,9049.029485154479,14865.29817199707,0.012881593778729439,13.527731895446777,0.2414868175983429,1.9567477703094482
147,8045.98486328125,8998.877254060817,13009.743003845215,0.002207536716014147,13.527910232543945,0.4206237494945526,1.9488940238952637
148,10426.91796875,9070.279289795275,17454.695274353027,-0.011444062925875187,13.527576446533203,0.1604418009519577,2.136871099472046
149,8296.3310546875,9031.581878039886,14089.934505462646,-0.005599307827651501,13.527631759643555,0.14727316796779633,2.978381633758545
150,9380.6337890625,9049.034473591015,15875.636790275574,-0.008948707953095436,13.527727127075195,0.23564623296260834,2.106926202774048
151,9906.47265625,9091.906382723964,15865.94394493103,-0.010774192400276661,13.527739524841309,0.3291635811328888,2.245267868041992
152,8797.38671875,9077.180399525265,14681.27798652649,-0.0013743973104283214,13.527631759643555,0.205317884683609,3.122753858566284
153,9211.5302734375,9083.897893220876,15169.882962226868,0.015082979574799538,13.527745246887207,0.2919508218765259,3.238572120666504
154,7530.65771484375,9006.23588430202,12702.980869293213,0.011230163276195526,13.527728080749512,0.29971206188201904,2.184497833251953
155,7575.93310546875,8934.720745360355,12786.757776260376,-0.013317184522747993,13.527795791625977,0.2435581237077713,1.9503049850463867
156,9008.7578125,8938.422598717338,14778.47671508789,-0.019910775125026703,13.527804374694824,0.28058791160583496,1.930945873260498
157,7372.55517578125,8860.129227570533,12636.927292823792,0.026113567873835564,13.527762413024902,0.4509199559688568,2.1123037338256836
158,11547.2197265625,8994.483752520131,18933.13757419586,0.0010243415599688888,13.52777099609375,0.27814286947250366,2.400754928588867
159,9295.9287109375,9009.556000441,15658.106246948242,0.0072382353246212006,13.527704238891602,0.17795784771442413,2.128727912902832
160,7626.87841796875,8940.422121317388,13067.367210388184,-0.030290890485048294,13.527688980102539,0.2799123227596283,2.032132148742676
161,8498.462890625,8918.32415978277,13507.225160598755,0.027493886649608612,13.5277099609375,0.3201766312122345,2.2632882595062256
162,8376.9326171875,8891.254582653004,13803.102827072144,-0.010092334821820259,13.527897834777832,0.38762518763542175,2.0622363090515137
163,8772.4013671875,8885.311921879727,14276.99997329712,0.011908425949513912,13.527900695800781,0.26911717653274536,1.9728641510009766
164,9704.66796875,8926.279724223241,15764.409162521362,0.005073556676506996,13.527735710144043,0.3072513937950134,1.970736026763916
165,8630.80078125,8911.505777074579,14409.068176269531,0.01857749931514263,13.527774810791016,0.3623887598514557,2.033885955810547
166,8255.5107421875,8878.706025330224,14089.199407100677,0.007646083831787109,13.527968406677246,0.2158850133419037,1.9738578796386719
167,10932.1103515625,8981.376241641838,18198.237758636475,-0.013356809504330158,13.527776718139648,0.20772473514080048,1.9648840427398682
168,8790.1220703125,8971.81353307537,14075.211479187012,0.01287806499749422,13.527900695800781,0.4042215943336487,2.0385570526123047
169,8450.8603515625,8945.765873999728,14440.485191345215,0.0006015968392603099,13.527922630310059,0.16593395173549652,1.9376881122589111
170,9879.5498046875,8992.455070534115,16497.452547073364,-0.01566421426832676,13.528095245361328,0.24044938385486603,2.07545804977417
171,8011.38232421875,8943.401433218347,12967.440950393677,-0.01782876066863537,13.52810287475586,0.3104579746723175,2.0612261295318604
172,8929.984375,8942.730580307429,14962.072078704834,0.01569169946014881,13.527968406677246,0.23846322298049927,2.113502025604248
173,9127.9267578125,8951.990389182682,14843.10906124115,-0.011882638558745384,13.527983665466309,0.2620599567890167,1.8634440898895264
174,8201.5341796875,8914.467578707923,14003.762421905994,-0.02832026407122612,13.528079986572266,0.2995853126049042,1.8576598167419434
175,7338.96337890625,8835.69236871784,12647.07759475708,-0.003945865668356419,13.528045654296875,0.13108496367931366,1.9093549251556396
176,8652.8564453125,8826.550572547572,14348.107444763184,0.0013994121691212058,13.52784538269043,0.2878666818141937,1.821608066558838
177,7087.96923828125,8739.621505834257,11905.66392159462,-0.0279250331223011,13.527857780456543,0.2915005385875702,1.9083340167999268
178,8308.5791015625,8718.069385620669,13304.06745147705,-0.007739114575088024,13.527822494506836,0.2299424111843109,1.921497106552124
179,9825.2734375,8773.429588214634,15938.270648956299,-0.0023563671857118607,13.527706146240234,0.18011699616909027,1.9780621528625488
180,8820.9365234375,8775.804934975777,15064.863571166992,-0.010470828972756863,13.527673721313477,0.2733484208583832,2.1760900020599365
181,9337.4921875,8803.889297601987,15965.138805389404,-0.014641151763498783,13.527563095092773,0.39266031980514526,2.06567120552063
182,9427.4560546875,8835.067635456262,15560.41202545166,0.009607400745153427,13.527549743652344,0.3078729212284088,2.1422817707061768
183,7665.38427734375,8776.583467550638,12564.523149490356,0.02304808609187603,13.527364730834961,0.3375939428806305,1.9956212043762207
184,9418.0234375,8808.655466048105,15568.081321716309,0.0013423728523775935,13.527400016784668,0.3056660592556,1.9500679969787598
185,7776.06787109375,8757.026086300388,12786.439859390259,-0.012291240505874157,13.527413368225098,0.25254422426223755,1.9737579822540283
186,8568.9755859375,8747.623561282244,13866.221508026123,-0.009099636226892471,13.527348518371582,0.36640000343322754,2.016900062561035
187,9969.5126953125,8808.718017983758,16361.069129943848,-0.016622476279735565,13.527257919311523,0.5225675702095032,2.0063769817352295
188,9412.962890625,8838.930261615818,14983.452095031738,0.022344112396240234,13.52719497680664,0.43367433547973633,1.9066548347473145
189,9657.0107421875,8879.834285644401,15538.081317901611,0.005211391486227512,13.527205467224121,0.23004624247550964,1.9253051280975342
190,9520.697265625,8911.877434643431,16435.13721370697,-0.00862804427742958,13.52712631225586,0.39147695899009705,2.011622905731201
191,11215.849609375,9027.07604338001,18487.99057006836,-1.8100738088833168e-05,13.5271577835083,0.1999647319316864,1.924138069152832
192,8690.201171875,9010.23229980476,13659.759305000305,-0.01932341605424881,13.527029037475586,0.36507782340049744,1.8716211318969727
193,8851.537109375,9002.29754028327,14372.382289409637,0.02179332822561264,13.526988983154297,0.28609323501586914,1.9194910526275635
194,8367.9287109375,8970.57909881598,13742.92680311203,0.010477475821971893,13.527003288269043,0.2586766183376312,1.9631931781768799
195,9346.908203125,8989.395554031431,14866.835098266602,0.020690565928816795,13.52695083618164,0.3391210734844208,1.8801870346069336
196,8772.3603515625,8978.543793907984,14721.055404663086,-0.0058761597611010075,13.526956558227539,0.17558316886425018,1.993257999420166
197,8242.64453125,8941.748830775085,13697.219212532043,0.030439844354987144,13.527019500732422,0.4015134274959564,1.8023710250854492
198,8762.5341796875,8932.788098220704,14691.401294708252,-0.018144827336072922,13.527063369750977,0.2221025675535202,2.0897929668426514
199,9695.1259765625,8970.904992137794,15358.468417167664,-0.042675867676734924,13.527117729187012,0.5641816854476929,1.908560037612915
200,9698.5029296875,9007.284889015278,14967.571908473969,0.028897725045681,13.526996612548828,0.3740730285644531,2.006424903869629
201,8110.98779296875,8962.47003421295,13993.889892578125,0.0063835810869932175,13.527021408081055,0.18133261799812317,2.085793972015381
202,7938.65283203125,8911.279174103865,13209.254231452942,0.01166175864636898,13.527070045471191,0.2112995684146881,2.0011329650878906
203,8211.8232421875,8876.306377508046,13581.119352340698,0.031701430678367615,13.527134895324707,0.34686920046806335,1.895146131515503
204,8562.4775390625,8860.614935585769,13960.529731750488,0.004101171623915434,13.527118682861328,0.3543117642402649,1.8914079666137695
205,8756.1708984375,8855.392733728355,14083.615706443787,-0.009802150540053844,13.527240753173828,0.2558278441429138,1.8912467956542969
206,7678.3623046875,8796.541212276312,12508.12542796135,0.01569245383143425,13.527263641357422,0.33304810523986816,2.025559186935425
207,8898.3720703125,8801.632755178121,14783.687247514725,0.014305906370282173,13.527304649353027,0.3076381981372833,1.9153401851654053
208,7332.408203125,8728.171527575465,12464.694985866547,0.021388787776231766,13.527356147766113,0.3090023994445801,1.9549570083618164
209,7068.29248046875,8645.177575220128,11296.184364318848,0.020373286679387093,13.527493476867676,0.29782626032829285,2.2181577682495117
210,7825.23095703125,8604.180244310683,13402.29080581665,-0.018981942906975746,13.527595520019531,0.271205335855484,1.9296257495880127
211,8006.0517578125,8574.273819985774,13090.484216690063,-0.008245382457971573,13.527669906616211,0.2526804804801941,1.9019720554351807
212,8398.6689453125,8565.49357625211,13858.537492752075,-0.031723279505968094,13.52769660949707,0.3117932677268982,1.9151382446289062
213,8266.4140625,8550.539600564505,12926.762230157852,-0.003012638073414564,13.527731895446777,0.3269793689250946,1.9757657051086426
214,8856.0537109375,8565.815306083154,14856.314401626587,0.02832290716469288,13.527719497680664,0.3110038638114929,1.8388581275939941
215,8169.28564453125,8545.988823005559,13654.951778411865,-0.0023721028119325638,13.527753829956055,0.13468819856643677,2.0311481952667236
216,9933.748046875,8615.37678419903,16362.112996578217,-0.0029487418942153454,13.527822494506836,0.35154035687446594,1.9404399394989014
217,9470.6357421875,8658.139732098454,16064.822603225708,0.006218833848834038,13.527823448181152,0.23205040395259857,1.957292079925537
218,9068.501953125,8678.657843149782,15094.638145446777,-0.0023951816838234663,13.527850151062012,0.32552453875541687,1.8916211128234863
219,9442.0458984375,8716.827245914168,15102.685773849487,0.021346312016248703,13.5278902053833,0.4732767939567566,1.9142787456512451
220,7323.06103515625,8647.138935376272,12155.610555171967,0.002538347151130438,13.52791976928711,0.46966034173965454,1.8815979957580566
221,9305.650390625,8680.064508138708,15336.377616882324,-0.006932153832167387,13.52801513671875,0.11924407631158829,1.9042093753814697
222,8727.857421875,8682.454153825523,14662.948519706726,-0.0097397705540061,13.528050422668457,0.3604089617729187,1.845871925354004
223,9388.3544921875,8717.749170743622,15218.370050430298,0.008418512530624866,13.528077125549316,0.16015078127384186,1.9452300071716309
224,8275.23046875,8695.623235643941,13297.885657310486,0.011035471223294735,13.528118133544922,0.39914125204086304,1.9210841655731201
225,7233.947265625,8622.539437142994,11551.64246749878,-0.010420551523566246,13.528120040893555,0.2669469714164734,1.9799561500549316
226,8959.5458984375,8639.38976020772,14746.831657409668,-0.004734516143798828,13.528231620788574,0.39171019196510315,1.9007532596588135
227,8363.9853515625,8625.619539775458,13808.355436325073,0.020578842610120773,13.528246879577637,0.37094154953956604,1.9373528957366943
228,9087.8984375,8648.733484661685,14953.351518630981,-0.02527119591832161,13.5282564163208,0.27859389781951904,1.9659209251403809
229,7493.20703125,8590.9571619911,12910.961044311523,-0.015235338360071182,13.528288841247559,0.3882497549057007,2.0011019706726074
230,8327.666015625,8577.792604672795,13838.51677274704,0.0003619194030761719,13.528273582458496,0.5207536816596985,1.8914592266082764
231,10309.37890625,8664.371919751655,16925.727929115295,0.006046075839549303,13.528246879577637,0.23670697212219238,2.0256550312042236
232,9051.7822265625,8683.742435092197,14724.708040237427,-0.00031647682772018015,13.528249740600586,0.2203442007303238,1.900080919265747
233,9459.98828125,8722.554727400087,15185.226043701172,0.02118433080613613,13.528288841247559,0.22136418521404266,1.9013488292694092
234,7947.83642578125,8683.818812319145,13431.70230102539,-0.009739331901073456,13.52835464477539,0.21610043942928314,1.8784399032592773
235,7179.3310546875,8608.594424437562,12005.284104347229,0.013622188940644264,13.528356552124023,0.3076741099357605,2.0261521339416504
236,10451.013671875,8700.715386809434,17607.697493076324,0.0014985656598582864,13.528407096862793,0.34595292806625366,1.9212918281555176
237,8666.3310546875,8698.996170203338,14445.015621185303,0.016101140528917313,13.528417587280273,0.29775094985961914,2.1086840629577637
238,10292.80859375,8778.686791380671,16881.26163291931,0.01597529463469982,13.528473854064941,0.4111831784248352,2.0721967220306396
239,7961.2607421875,8737.815488921013,13396.621538162231,0.005484676454216242,13.528545379638672,0.3908650279045105,2.0311009883880615
240,9542.6865234375,8778.059040646838,15736.007627487183,-0.023525094613432884,13.5285062789917,0.33435606956481934,1.912480115890503
241,8364.09375,8757.360776114496,13335.302654266357,-0.03259555995464325,13.52859115600586,0.46593815088272095,2.1692607402801514
242,7523.81982421875,8695.683728519707,12866.138767242432,-0.00044876098399981856,13.528587341308594,0.30677440762519836,1.9233200550079346
243,8322.54296875,8677.02669053122,13951.817358016968,0.0008184051257558167,13.52859878540039,0.4295870065689087,2.12336802482605
244,8855.2802734375,8685.939369676533,14238.896167755127,0.0057204533368349075,13.528615951538086,0.20948104560375214,1.7846498489379883
245,9769.0126953125,8740.09303595833,16679.097268104553,0.007322797551751137,13.528536796569824,0.2515217959880829,1.6948268413543701
246,10059.234375,8806.050102910414,16280.728958129883,-0.001823053346015513,13.528606414794922,0.332800954580307,2.0216779708862305
247,8423.0244140625,8786.898818468018,14143.445486068726,0.013988609425723553,13.528642654418945,0.3889279067516327,1.8861749172210693
248,8343.2490234375,8764.716328716491,13814.224173545837,0.03223981708288193,13.528668403625488,0.30181047320365906,2.008815050125122
249,7186.28857421875,8685.794940991604,11846.025848388672,-0.009460820816457272,13.528708457946777,0.1024467721581459,1.8828380107879639
250,9281.173828125,8715.563885348272,15375.745412826538,-0.01693800836801529,13.528742790222168,0.30853986740112305,1.8724250793457031
251,9218.8701171875,8740.729196940234,15323.289764404297,-0.010240640491247177,13.528769493103027,0.3165360391139984,2.0646889209747314
252,8251.7001953125,8716.277746858848,12611.670291900635,-0.013507786206901073,13.528736114501953,0.31273138523101807,2.0533978939056396
253,7262.53857421875,8643.590788226842,11635.353038787842,-0.003901834599673748,13.528791427612305,0.16882766783237457,1.9439258575439453
254,9256.9443359375,8674.258465612374,15589.89086151123,0.017280559986829758,13.528772354125977,0.3202212452888489,1.8838729858398438
255,8103.5078125,8645.720932956756,13391.223705291748,0.012207116931676865,13.528764724731445,0.30282092094421387,1.9527528285980225
256,8034.3984375,8615.154808183917,13553.508276939392,-0.02190731093287468,13.528813362121582,0.3014552891254425,2.230201005935669
257,8198.1787109375,8594.306003321595,12985.608687400818,-0.017931843176484108,13.528814315795898,0.320512592792511,1.9189281463623047
258,9043.7431640625,8616.77786135864,14942.818984985352,0.008264560252428055,13.528822898864746,0.224638894200325,2.0270910263061523
259,9276.306640625,8649.754300321958,15405.174874782562,-0.0009052562527358532,13.52880859375,0.40663331747055054,1.951310157775879
260,8907.50390625,8662.641780618358,14599.317371368408,0.010588187724351883,13.5287446975708,0.3185172379016876,1.9389197826385498
261,9334.45703125,8696.23254314994,15342.594638824463,0.019320402294397354,13.528756141662598,0.4076191186904907,1.9715080261230469
262,9422.6533203125,8732.553582008066,15249.013925552368,0.004907808266580105,13.528839111328125,0.2309863418340683,1.882194995880127
263,10057.197265625,8798.785766188912,15738.932558059692,-0.03024216741323471,13.528802871704102,0.28926733136177063,1.8935680389404297
264,7768.89306640625,8747.291131199778,12590.267397880554,-0.005394716281443834,13.52880859375,0.26998263597488403,1.950760841369629
265,6931.6650390625,8656.509826592914,12049.731861114502,0.015085792168974876,13.528800964355469,0.299469530582428,1.9595391750335693
266,11010.9482421875,8774.231747372643,17851.704668045044,0.004486207850277424,13.528830528259277,0.35007086396217346,2.0614819526672363
267,8515.298828125,8761.285101410262,14310.07823753357,-0.0078016663901507854,13.528836250305176,0.3827849328517914,1.9823477268218994
268,8610.95703125,8753.768697902247,13992.569918632507,0.008173074573278427,13.528802871704102,0.35025709867477417,1.9570879936218262
269,8872.8203125,8759.721278632134,14527.086536884308,-0.016025839373469353,13.52880859375,0.44165313243865967,1.890617847442627
270,8570.142578125,8750.242343606778,14250.927404403687,-0.011399669572710991,13.528825759887695,0.21730390191078186,1.9560890197753906
271,9053.0244140625,8765.381447129565,15082.46887588501,0.0012538910377770662,13.528731346130371,0.2758720815181732,1.992372989654541
272,10597.5361328125,8856.98918141371,17521.287996292114,-0.004446553997695446,13.528752326965332,0.5577278137207031,1.9223110675811768
273,8624.4306640625,8845.36125554615,13954.362312316895,-0.007429313845932484,13.5287446975708,0.24278154969215393,1.9359209537506104
274,7992.32958984375,8802.70967226103,13659.914937496185,-0.008863763883709908,13.528722763061523,0.4851442873477936,1.7909131050109863
275,9714.287109375,8848.288544116727,15884.29503250122,-0.0069969939067959785,13.528676986694336,0.17677518725395203,1.8275809288024902
276,9441.625,8877.95536691089,15170.12749671936,0.009558257646858692,13.528676986694336,0.19928118586540222,2.1394057273864746
277,7972.93212890625,8832.704205010657,12883.894100189209,0.0013149833539500833,13.528678894042969,0.3094237148761749,2.019709825515747
278,8227.302734375,8802.434131478874,13778.530075073242,0.025754231959581375,13.528650283813477,0.3856220245361328,1.8469717502593994
279,8521.962890625,8788.41056943618,14451.726994514465,0.0014855670742690563,13.528691291809082,0.3590293824672699,1.907578945159912
280,9318.0087890625,8814.890480417496,15258.074714660645,-0.0024904918391257524,13.528570175170898,0.24210107326507568,1.9062387943267822
281,8968.51953125,8822.571932959121,15053.786504745483,0.0063095856457948685,13.528678894042969,0.27211105823516846,1.8786439895629883
282,8926.4091796875,8827.76379529554,14917.573947906494,-0.015227165073156357,13.528664588928223,0.26783064007759094,1.9897737503051758
283,8737.013671875,8823.226289124512,14329.438381195068,0.01725970208644867,13.528711318969727,0.31670933961868286,1.94693922996521
284,9474.5654296875,8855.793246152662,15855.295799255371,0.018644656985998154,13.528663635253906,0.29767271876335144,2.0074081420898438
285,10287.3720703125,8927.372187360652,17463.845495224,-0.003516664495691657,13.528722763061523,0.2506348788738251,1.9623548984527588
286,10855.5615234375,9023.781654164493,17711.160650253296,0.0009437560802325606,13.528717994689941,0.31956690549850464,2.5349857807159424
287,8341.1513671875,8989.650139815643,14284.478242874146,-0.016350354999303818,13.528757095336914,0.2836075723171234,2.7128818035125732
288,7559.07080078125,8918.121172863925,12082.091765403748,0.03095286339521408,13.5287446975708,0.35322412848472595,3.427471160888672
289,10360.34765625,8990.232497033228,16405.51633453369,-0.005740318447351456,13.528761863708496,0.30282101035118103,2.1088907718658447
290,7137.9970703125,8897.62072569719,11663.550695419312,-0.019541006535291672,13.528813362121582,0.23554040491580963,2.307365894317627
291,8995.1572265625,8902.497550740456,14830.203345298767,0.0037674903869628906,13.528822898864746,0.2029212862253189,2.576092004776001
292,8567.3271484375,8885.739030625307,15003.549390792847,0.0024486351758241653,13.528848648071289,0.20968498289585114,2.3419580459594727
293,8456.0205078125,8864.253104484667,13952.62401008606,0.0007669353508390486,13.528838157653809,0.5067141056060791,2.1994590759277344
294,7458.8076171875,8793.980830119808,12389.707679748535,-0.003230123547837138,13.528861999511719,0.14337360858917236,2.0892043113708496
295,8586.30859375,8783.597218301318,13988.775783538818,0.013423776254057884,13.52884292602539,0.22646276652812958,2.5326178073883057
296,9253.2734375,8807.081029261251,14701.542631149292,-0.023135757073760033,13.528864860534668,0.3989555835723877,2.147848129272461
297,6908.974609375,8712.17570826694,11187.204291343689,0.007930021733045578,13.528853416442871,0.26394298672676086,2.3977110385894775
298,10303.634765625,8791.748661134841,16965.194719314575,-0.009997482411563396,13.528847694396973,0.19891506433486938,2.0966708660125732
299,9055.908203125,8804.95663823435,15242.56440448761,-0.008342580869793892,13.528844833374023,0.40249308943748474,1.9669878482818604
300,11374.5849609375,8933.438054369506,18507.34999847412,0.005293655209243298,13.528818130493164,0.21591348946094513,2.3142380714416504
301,7604.21484375,8866.976893838531,12845.566801071167,0.001168966293334961,13.528839111328125,0.14987225830554962,2.2397849559783936
302,7485.20068359375,8797.888083326292,12039.682007789612,0.0007080173236317933,13.52880859375,0.2360026240348816,1.8909568786621094
303,7870.373046875,8751.512331503727,13158.645654678345,0.012019786983728409,13.52881145477295,0.1907317042350769,1.9520666599273682
304,8421.3701171875,8735.005220787916,13661.281143188477,-0.021902933716773987,13.528820991516113,0.3641308546066284,1.973371982574463
305,9331.623046875,8764.83611209227,15123.913261413574,0.0010253905784338713,13.528772354125977,0.24118587374687195,1.950660228729248
306,9547.9892578125,8803.993769378281,15934.543751716614,0.005227995105087757,13.528797149658203,0.20233659446239471,1.959118127822876
307,8733.8984375,8800.489002784367,14225.955265045166,-0.01027042418718338,13.528755187988281,0.5171085000038147,2.0033280849456787
308,10524.27734375,8886.678419832648,17593.967882156372,0.0006171989371068776,13.528779029846191,0.36210668087005615,2.0955758094787598
309,9450.388671875,8914.863932434766,15820.821656703949,-0.020732050761580467,13.52877426147461,0.3230131268501282,2.0356662273406982
310,8658.55078125,8902.048274875528,13991.006244659424,0.004552640952169895,13.528761863708496,0.18198809027671814,2.3344831466674805
311,8632.9912109375,8888.595421678627,14827.642133712769,0.030803240835666656,13.5287504196167,0.4290560483932495,2.1507441997528076
312,8929.9970703125,8890.66550411032,15331.360301971436,0.009171762503683567,13.528741836547852,0.28805285692214966,2.0943570137023926
313,8440.9345703125,8868.178957420429,13996.196304321289,0.002848348580300808,13.5287504196167,0.32073771953582764,2.04575777053833
314,7760.779296875,8812.808974393158,12907.75378280878,-0.021877679973840714,13.52878189086914,0.32845014333724976,1.9718198776245117
315,8945.3271484375,8819.434883095375,13978.443716049194,-0.0023551846388727427,13.528738975524902,0.25787338614463806,1.9464540481567383
316,8488.1552734375,8802.870902612482,13962.114279270172,0.0010855388827621937,13.52878189086914,0.22663094103336334,1.9049711227416992
317,9112.2841796875,8818.341566466232,15769.88624382019,-0.020631102845072746,13.528775215148926,0.3612076938152313,1.97176194190979
318,9058.345703125,8830.341773299171,15218.762755393982,-0.009082727134227753,13.528775215148926,0.20294179022312164,1.887976884841919
319,6926.11279296875,8735.130324282649,11531.303307533264,-0.0007750320364721119,13.528780937194824,0.21672043204307556,2.0258400440216064
320,7340.44970703125,8665.396293420079,12266.194693565369,0.0006174278096295893,13.528770446777344,0.21383383870124817,2.0064218044281006
321,10366.607421875,8750.456849842825,16461.65560722351,-0.00821639969944954,13.528677940368652,0.21182112395763397,2.0732972621917725
322,10131.751953125,8819.521605006932,17305.625259399414,-0.015727471560239792,13.528736114501953,0.44214269518852234,2.3755409717559814
323,8448.125,8800.951774756584,14252.782866477966,-0.004387922119349241,13.528738975524902,0.22840146720409393,2.1681618690490723
324,10912.244140625,8906.516393050006,17454.241361618042,-0.00937509536743164,13.528738021850586,0.13398589193820953,1.9351568222045898
325,9183.8759765625,8920.38437222563,15046.078248977661,-0.0040376759134233,13.528672218322754,0.1355821043252945,1.928459882736206
326,9118.8203125,8930.306169239348,15413.490158081055,0.008662194944918156,13.528682708740234,0.20546412467956543,1.9108672142028809
327,8452.8896484375,8906.435343199255,14560.238917350769,0.010566405951976776,13.528725624084473,0.29774215817451477,1.9136922359466553
328,10120.8359375,8967.155372914292,17074.172288894653,0.0013366222847253084,13.528730392456055,0.19893962144851685,2.061232805252075
329,7139.85009765625,8875.790109151389,11631.614361763,-0.021655254065990448,13.528738021850586,0.309492826461792,2.039649248123169
330,8291.8330078125,8846.592254084444,13805.286178588867,0.006249265745282173,13.528719902038574,0.2565727233886719,1.8989620208740234
331,10265.0283203125,8917.514057395845,17336.02512550354,-0.009664993733167648,13.528694152832031,0.2811945974826813,2.2026658058166504
332,9126.8154296875,8927.979126010427,14613.557542800903,0.019029999151825905,13.528668403625488,0.2196035534143448,2.0344831943511963
333,8065.71142578125,8884.865740998968,13378.849219322205,-0.005089635960757732,13.528691291809082,0.29226937890052795,2.062700033187866
334,8472.6298828125,8864.253948089645,14232.895039081573,0.013276605866849422,13.528672218322754,0.3096752464771271,2.054572105407715
335,9204.1474609375,8881.248623732037,14869.09981918335,-0.012929210439324379,13.52863883972168,0.41284114122390747,1.9407868385314941
336,9957.6953125,8935.070958170434,16245.766609191895,0.019078178331255913,13.52865219116211,0.3375127613544464,2.185508966445923
337,8983.9384765625,8937.514334090038,14265.23991394043,-0.010958662256598473,13.52865982055664,0.22263485193252563,2.158820867538452
338,10345.6904296875,9007.92313886991,17342.387229919434,-0.00953001994639635,13.528691291809082,0.2763848900794983,2.1190617084503174
339,7682.43310546875,8941.64863719985,13210.783460617065,-0.029365720227360725,13.528655052185059,0.27213290333747864,2.102911949157715
340,8879.978515625,8938.565131121108,15114.797574996948,0.04064431041479111,13.528595924377441,0.40998783707618713,2.1777877807617188
341,8699.408203125,8926.607284721302,14175.077964782715,0.0058782766573131084,13.528615951538086,0.3912908136844635,2.242111921310425
342,9103.3671875,8935.445279860236,14077.02254152298,-0.024512510746717453,13.528650283813477,0.43281814455986023,2.074875831604004
343,7587.3115234375,8868.038592039098,12537.591901779175,-0.0334535613656044,13.5286226272583,0.4067082107067108,2.018996000289917
344,9330.9921875,8891.186271812143,14920.09750175476,-0.02180938795208931,13.52861213684082,0.3735634386539459,1.952908992767334
345,9575.4921875,8925.401567596535,15806.43364238739,-0.008467273786664009,13.528606414794922,0.5016208291053772,2.033271074295044
346,9093.953125,8933.829145466709,15004.173383712769,-0.010997028090059757,13.528594970703125,0.40705475211143494,1.9849920272827148
347,10101.5625,8992.215813193372,17128.671131134033,-0.01951427385210991,13.528512954711914,0.4011377990245819,2.028351068496704
348,7770.24853515625,8931.117449291514,12569.314281463623,0.0513434037566185,13.528531074523926,0.6742401123046875,2.141723155975342
349,8354.291015625,8902.276127608187,13671.76351928711,-0.03093516267836094,13.528536796569824,0.3235788941383362,1.990002155303955
350,7416.3466796875,8827.979655212152,11804.305961608887,0.01696041040122509,13.528528213500977,0.32089197635650635,2.0719008445739746
351,7317.076171875,8752.434481045295,12249.701309204102,0.002033357508480549,13.528489112854004,0.21186760067939758,2.359065055847168
352,8094.87060546875,8719.556287266467,13377.362244606018,-0.0005621433374471962,13.5285005569458,0.23546965420246124,2.0008339881896973
353,9267.875,8746.972222903143,16160.017645835876,-0.011487684212625027,13.528441429138184,0.11274276673793793,2.0054612159729004
354,9205.775390625,8769.912381289234,15578.934268951416,-0.001808700617402792,13.528508186340332,0.2143365889787674,2.1499738693237305
355,9237.1220703125,8793.272865740397,15459.893598556519,0.02887272834777832,13.528437614440918,0.38504597544670105,2.0459728240966797
356,9374.6005859375,8822.339251750253,15267.819479942322,0.025676965713500977,13.528511047363281,0.4301888644695282,1.9633338451385498
357,8272.4228515625,8794.843431740865,14149.468816041946,0.022695235908031464,13.528502464294434,0.33595404028892517,2.0070278644561768
358,10431.044921875,8876.65350624757,17385.01741027832,0.020676488056778908,13.52844524383545,0.4194580018520355,1.9277760982513428
359,6984.64306640625,8782.052984255504,11425.837729930878,-0.018943138420581818,13.528558731079102,0.26603496074676514,2.206954002380371
360,9477.14453125,8816.80756160523,15934.642858505249,0.04070569947361946,13.528550148010254,0.36807939410209656,2.0144999027252197
361,9248.9365234375,8838.414009696844,15155.358489990234,-0.0030688666738569736,13.528576850891113,0.22929203510284424,2.5301661491394043
362,7564.88720703125,8774.737669563563,12397.806814193726,0.013926238752901554,13.528545379638672,0.3381344676017761,2.4959487915039062
363,8545.455078125,8763.273539991635,14088.716588973999,0.020162668079137802,13.528630256652832,0.3020949363708496,2.4835968017578125
364,8868.46875,8768.533300492052,15169.2679977417,0.011457243002951145,13.528667449951172,0.35755228996276855,2.2974438667297363
365,5980.1083984375,8629.112055389325,10622.022773742676,0.00475340848788619,13.5286865234375,0.1543702632188797,2.2873477935791016
366,8922.6025390625,8643.786579572983,14960.163189888,-0.020262394100427628,13.52871322631836,0.24501772224903107,2.4150702953338623
367,7990.54443359375,8611.124472274021,13536.691576004028,-0.0026614379603415728,13.528738021850586,0.12864065170288086,2.2758171558380127
368,8445.8525390625,8602.860875613445,13962.266242980957,-0.01790650375187397,13.528729438781738,0.2984703481197357,2.2669219970703125
369,8394.2265625,8592.429159957772,14117.752424240112,0.004052171483635902,13.528736114501953,0.19237884879112244,2.481088876724243
370,11295.654296875,8727.590416803632,17637.750549316406,-0.007478790357708931,13.528742790222168,0.22043484449386597,2.6186251640319824
371,8157.48828125,8699.08531002595,13973.936498641968,0.017300071194767952,13.528741836547852,0.34630733728408813,2.2774600982666016
372,9028.48046875,8715.555067962152,16158.00308227539,0.006238174624741077,13.528730392456055,0.21546190977096558,2.2637739181518555
373,8879.5205078125,8723.753339954668,15093.104971885681,-0.012324838899075985,13.528755187988281,0.15613220632076263,2.4965178966522217
374,7897.845703125,8682.457958113184,13306.672018051147,-0.017306528985500336,13.528809547424316,0.32451876997947693,2.2219350337982178
375,7328.28271484375,8614.749195949711,12719.176312446594,0.008885374292731285,13.528809547424316,0.39011552929878235,2.4942121505737305
376,9306.1044921875,8649.3169607616,15115.894868135452,-0.01785920187830925,13.528800964355469,0.2206840068101883,2.22263503074646
377,8507.4873046875,8642.225477957894,14058.148933410645,0.02719767577946186,13.52878189086914,0.3498193919658661,2.173332929611206
378,10158.1884765625,8718.023627888124,16630.694675445557,0.007741451263427734,13.528789520263672,0.13489656150341034,2.694248914718628
379,8050.568359375,8684.650864462466,13380.430026054382,0.021395940333604813,13.528820991516113,0.33796876668930054,2.2396600246429443
380,8311.1875,8665.977696239343,13461.083101511002,0.01613907888531685,13.528826713562012,0.22350528836250305,2.404268980026245
381,9155.3583984375,8690.44673134925,14723.5297164917,0.002437696559354663,13.528830528259277,0.1813734769821167,2.7068350315093994
382,8773.4453125,8694.596660406787,14510.548496246338,-7.089614518918097e-05,13.528860092163086,0.28310027718544006,2.2047791481018066
383,8754.0478515625,8697.569219964573,14193.592691421509,-0.017535695806145668,13.528855323791504,0.36775991320610046,2.4327218532562256
384,9002.2080078125,8712.80115935697,15254.178653717041,-0.01701381616294384,13.528882026672363,0.2716389298439026,2.1209306716918945
385,9809.3203125,8767.62711701412,16425.394561767578,0.006226940080523491,13.528836250305176,0.37385448813438416,2.067430019378662
386,7827.17041015625,8720.604281671227,12805.552688598633,-0.006186084821820259,13.528840065002441,0.2681742310523987,2.2129158973693848
387,8008.357421875,8684.991938681416,13206.473846435547,-0.003238801844418049,13.528873443603516,0.3064880073070526,1.939856767654419
388,7459.20849609375,8623.702766552033,11978.41544342041,0.004414043389260769,13.528791427612305,0.2915152907371521,2.261012077331543
389,7413.2958984375,8563.182423146305,12509.108761787415,-0.007522849831730127,13.528888702392578,0.3305096924304962,2.0972402095794678
390,10305.9267578125,8650.319639879614,17275.216535568237,-0.023735933005809784,13.528864860534668,0.24236896634101868,2.4292280673980713
391,8787.640625,8657.185689135631,14040.705940246582,-0.0012952614342793822,13.52884292602539,0.3404531478881836,2.4841840267181396
392,9303.099609375,8689.4813851476,14897.684098243713,-0.015510682947933674,13.528861999511719,0.305484801530838,3.4483859539031982
393,8777.5166015625,8693.883145968344,14361.419934272766,0.023838700726628304,13.528882026672363,0.3885343670845032,3.539842128753662
394,8585.0029296875,8688.439135154302,14215.874006271362,0.0006340694380924106,13.528827667236328,0.28527966141700745,2.467357873916626
395,10127.9794921875,8760.416153005963,16159.510292053223,0.006416988559067249,13.528816223144531,0.22566182911396027,2.6294190883636475
396,8752.6337890625,8760.027034808789,14132.235385894775,0.007535829674452543,13.528882026672363,0.2494940310716629,2.6707520484924316
397,7814.8505859375,8712.768212365223,12804.390170097351,0.00629176152870059,13.5288724899292,0.25421571731567383,2.590456962585449
398,7271.93359375,8640.726481434462,12228.757675170898,-0.0036728668492287397,13.52880573272705,0.4044903516769409,2.751720905303955
399,6523.95654296875,8534.887984511175,10737.808495521545,-0.012506752274930477,13.528873443603516,0.2132032811641693,2.7528882026672363
400,8784.3310546875,8547.36013801999,14421.9720287323,0.00027744294493459165,13.528850555419922,0.24216985702514648,2.3789849281311035
401,8492.60546875,8544.62240455649,14080.687995910645,0.01331791840493679,13.5288667678833,0.27042606472969055,2.4479219913482666
402,8016.806640625,8518.231616359915,13383.729627132416,-0.008561592549085617,13.52886962890625,0.28277575969696045,2.230870008468628
403,10890.2978515625,8636.834928120044,17415.064525604248,-0.010573511011898518,13.528825759887695,0.27224549651145935,2.514957904815674
404,7288.2822265625,8569.407293042168,11998.24275970459,0.008557758294045925,13.5288724899292,0.19469495117664337,2.1979570388793945
405,9301.8642578125,8606.030141280684,15000.399768829346,0.023889465257525444,13.528843879699707,0.3932889401912689,2.2337329387664795
406,8539.919921875,8602.724630310398,13897.163879394531,0.012495155446231365,13.528877258300781,0.3046130836009979,2.199147939682007
407,7750.77734375,8560.127265982379,12498.196570396423,-0.002124795923009515,13.528891563415527,0.3186081051826477,3.707667112350464
408,10765.88671875,8670.415238620759,17858.971494197845,-0.029348935931921005,13.5288667678833,0.406552791595459,2.995772123336792
409,8993.974609375,8686.59320715847,14758.19981765747,0.011620854958891869,13.528905868530273,0.3513932228088379,3.223729133605957
410,8380.349609375,8671.281027269297,14789.760751724243,-0.006689758505672216,13.528905868530273,0.31590917706489563,3.4371089935302734
411,8390.6826171875,8657.251106765207,13857.888679504395,-0.012835836037993431,13.528918266296387,0.33452627062797546,3.0289268493652344
412,10403.2353515625,8744.550319005071,17650.04311275482,-0.03198160231113434,13.528900146484375,0.43424591422080994,2.0475380420684814
413,8401.587890625,8727.402197586069,14070.874702692032,-0.002678565913811326,13.528887748718262,0.3100481629371643,2.508450984954834
414,8238.0068359375,8702.932429503639,13352.39087486267,0.020211229100823402,13.528891563415527,0.3009360730648041,2.945589065551758
415,9964.8759765625,8766.029606856582,16039.031463623047,-0.014022531919181347,13.528850555419922,0.3638293743133545,2.4001681804656982
416,8452.494140625,8750.352833545003,13668.01369857788,0.00010251045023323968,13.528843879699707,0.3602414131164551,3.348069190979004
417,10026.255859375,8814.147984836503,16753.102045059204,0.02281336858868599,13.5288724899292,0.2889001667499542,2.0622761249542236
418,9423.2978515625,8844.605478172802,15990.798336029053,0.003359203226864338,13.528840065002441,0.3022213876247406,2.3517067432403564
419,7904.1552734375,8797.582967936036,12931.907425880432,0.0030843925196677446,13.528901100158691,0.25296273827552795,1.9190289974212646
420,8148.13427734375,8765.110533406421,13319.301136016846,-0.017267704010009766,13.528904914855957,0.33287087082862854,2.1660690307617188
421,8510.9912109375,8752.404567282974,14231.950500488281,0.008065376430749893,13.528877258300781,0.3905480206012726,2.257614850997925
422,8798.8828125,8754.728479543826,13814.875080108643,0.011937274597585201,13.528826713562012,0.38752055168151855,2.000938892364502
423,6574.4697265625,8645.715541894759,10576.820346832275,0.017499379813671112,13.528891563415527,0.40185660123825073,2.3988468647003174
424,7229.00341796875,8574.879935698458,12388.250838279724,0.00048571586376056075,13.52889633178711,0.19791331887245178,1.8458819389343262
425,9690.1630859375,8630.64409321041,15856.477687835693,0.02263256162405014,13.528852462768555,0.381656676530838,2.002289295196533
426,10729.1083984375,8735.567308471764,17398.126247406006,0.018491925671696663,13.528886795043945,0.33219149708747864,2.0370712280273438
427,7967.56689453125,8697.167287774739,13392.118558883667,-0.013298378325998783,13.528886795043945,0.3412260413169861,2.0518391132354736
428,8941.0048828125,8709.359167526625,14529.831570625305,-0.02395913191139698,13.528890609741211,0.43753477931022644,1.9499928951263428
429,8973.8994140625,8722.586179853419,14846.506355285645,0.010193071328103542,13.528918266296387,0.39749276638031006,2.0811619758605957
430,9659.7763671875,8769.445689220123,16789.752851486206,0.013601236045360565,13.528916358947754,0.4896988570690155,1.973707914352417
431,8045.330078125,8733.239908665368,13221.954011917114,-0.019985752180218697,13.528891563415527,0.3617703914642334,1.9302878379821777
432,8813.7890625,8737.267366357099,13896.403427124023,-0.016404705122113228,13.528903007507324,0.3234700560569763,2.2136430740356445
433,9736.3837890625,8787.223187492367,15965.160278320312,0.018603449687361717,13.52890396118164,0.3934023678302765,2.1553239822387695
434,8353.701171875,8765.547086711498,13541.244659423828,0.0035269546788185835,13.528875350952148,0.3196805417537689,2.0617966651916504
435,8635.7490234375,8759.057183547797,14538.90156173706,-0.010257339105010033,13.528891563415527,0.20709343254566193,2.0084850788116455
436,8580.109375,8750.109793120406,14015.029525756836,-0.0022168350405991077,13.52891731262207,0.1339443027973175,1.9983539581298828
437,8157.22802734375,8720.465704831571,14066.860794067383,0.023056363686919212,13.528914451599121,0.3392280042171478,2.0492639541625977
438,8361.6005859375,8702.522448886866,13674.872778892517,0.005804271902889013,13.528918266296387,0.3561302721500397,2.001106023788452
439,10344.126953125,8784.602674098773,17373.262040138245,0.0009056663257069886,13.528882026672363,0.24226993322372437,2.154484987258911
440,8813.701171875,8786.057598987583,14906.222851276398,0.008565101772546768,13.528936386108398,0.18558204174041748,2.036158800125122
441,9470.5947265625,8820.284455366327,15135.204816818237,0.01714293472468853,13.528912544250488,0.2806294858455658,1.9705939292907715
442,8491.5498046875,8803.847722832385,13882.243551254272,0.0031801890581846237,13.528886795043945,0.2420337200164795,1.8967552185058594
443,8740.8505859375,8800.69786598764,14749.377950668335,-0.003069925354793668,13.528931617736816,0.31147289276123047,1.959334135055542
444,8325.4990234375,8776.937923860134,12984.290298461914,-0.014635772444307804,13.528911590576172,0.33627164363861084,2.177962303161621
445,8998.20703125,8788.001379229627,15113.857566833496,-0.004568815231323242,13.528858184814453,0.24044054746627808,1.9739651679992676
446,9531.40234375,8825.171427455645,16439.904095172882,-0.026285715401172638,13.528940200805664,0.41314348578453064,1.895359992980957
447,6646.05029296875,8716.215370731301,11374.872089385986,-0.008767766878008842,13.528925895690918,0.31029459834098816,1.948089838027954
448,7997.30419921875,8680.269812155673,13284.323863983154,-0.03382113575935364,13.528952598571777,0.38894641399383545,2.337238073348999
449,8957.890625,8694.15085279789,14592.286867141724,-0.0016301251016557217,13.528949737548828,0.26208212971687317,1.9241001605987549
450,8469.5224609375,8682.91943320487,13901.081256866455,0.02191520668566227,13.52893352508545,0.3721413016319275,2.308195114135742
451,7718.44287109375,8634.695605099314,12849.4000415802,-0.03647898510098457,13.528955459594727,0.368021696805954,2.104557991027832
452,8138.84130859375,8609.902890274036,13124.096622467041,0.003063783748075366,13.52886962890625,0.1942889243364334,2.0703670978546143
453,8848.6083984375,8621.83816568221,14583.64709854126,-0.002103080740198493,13.528916358947754,0.23772335052490234,1.9674558639526367
454,8801.5126953125,8630.821892163724,14239.323455810547,-0.022182904183864594,13.528918266296387,0.30588167905807495,2.117508888244629
455,8568.3544921875,8627.698522164912,13968.20101928711,-0.017029190436005592,13.52886962890625,0.3184633255004883,2.0300309658050537
456,8345.96484375,8613.611838244165,13725.914784431458,0.007937975227832794,13.528919219970703,0.3179873824119568,1.9792320728302002
457,9236.4248046875,8644.75248656633,14862.06430053711,-0.0024218845646828413,13.528926849365234,0.1868244856595993,1.9301319122314453
458,8450.48046875,8635.038885675514,14501.873121261597,0.010743903927505016,13.52892780303955,0.39387694001197815,1.947878122329712
459,7867.93408203125,8596.6836454933,13000.331370353699,0.018241586163640022,13.528923034667969,0.23554778099060059,1.9311046600341797
460,8604.3603515625,8597.067480796759,14312.920211791992,0.007627248764038086,13.528944969177246,0.34229037165641785,1.9997732639312744
461,7903.18212890625,8562.373213202234,12823.386894226074,-0.0005278682801872492,13.528903007507324,0.3690780997276306,1.8865928649902344
462,7779.19140625,8523.214122854622,13612.784378051758,-0.014623556286096573,13.52893352508545,0.34775233268737793,2.037163019180298
463,9010.4326171875,8547.575047571267,15663.59683227539,-0.016771430149674416,13.528943061828613,0.2747146487236023,2.032823085784912
464,8272.662109375,8533.829400661452,13610.234066009521,0.008519496768712997,13.528913497924805,0.23074272274971008,2.0346901416778564
465,9196.9775390625,8566.986807581505,15482.052777290344,-0.01998676359653473,13.528931617736816,0.4127016067504883,2.627362012863159
466,10146.00390625,8645.937662514929,16533.511122703552,0.021542882546782494,13.52893352508545,0.30896785855293274,3.96417498588562
467,8014.92919921875,8614.387239350119,13892.865014076233,-0.01894971914589405,13.52893352508545,0.36405473947525024,2.472282886505127
468,8616.224609375,8614.479107851363,14009.48282623291,-0.004890308249741793,13.528916358947754,0.20877249538898468,1.825340986251831
469,10068.0224609375,8687.15627550567,16215.642322540283,-0.007431430742144585,13.528940200805664,0.2943152189254761,1.9254229068756104
470,7743.89501953125,8639.993212706948,13218.342004299164,-0.0013761711306869984,13.52891731262207,0.39015498757362366,1.9391663074493408
471,9389.4443359375,8677.465768868477,15542.306644439697,0.01523074135184288,13.5289306640625,0.33882930874824524,1.983025074005127
472,8546.3525390625,8670.910107378177,14334.481285095215,0.009277744218707085,13.528925895690918,0.272853821516037,1.8634929656982422
473,7751.80078125,8624.954641071767,12568.352476119995,-0.029082784429192543,13.52889633178711,0.3490206301212311,1.7401797771453857
474,9661.1708984375,8676.765453940052,16201.119728088379,-0.02846643514931202,13.528940200805664,0.4105079770088196,1.8713748455047607
475,9583.5322265625,8722.103792571173,15855.715781211853,0.005012693349272013,13.528881072998047,0.22220315039157867,1.8475818634033203
476,8203.0732421875,8696.15226505199,13200.001200675964,-0.018304290249943733,13.528938293457031,0.2667311429977417,1.8263611793518066
477,8271.017578125,8674.895530705639,12874.487396240234,-0.010350160300731659,13.528916358947754,0.25745001435279846,1.7768869400024414
478,8611.009765625,8671.701242451605,14313.264415740967,-0.017460593953728676,13.528925895690918,0.37314778566360474,1.749842882156372
479,10067.205078125,8741.476434235276,17179.027338027954,-0.02992098778486252,13.528912544250488,0.3346000611782074,1.7698252201080322
480,8998.3251953125,8754.318872289135,15452.322135925293,-0.031706761568784714,13.528921127319336,0.4952385723590851,1.7418627738952637
481,9566.9638671875,8794.951122034054,15044.61947631836,0.0052607059478759766,13.528887748718262,0.31758302450180054,1.779515027999878
482,10554.1015625,8882.90864405735,17434.12314414978,0.009286203421652317,13.528905868530273,0.3212658762931824,1.7933411598205566
483,9118.2041015625,8894.673416932608,14749.773344516754,0.006691866088658571,13.528931617736816,0.19016574323177338,1.7129368782043457
484,9785.912109375,8939.235351554727,16195.978732347488,-0.01552742999047041,13.528931617736816,0.39435356855392456,1.7984859943389893
485,9977.474609375,8991.14731444574,16420.900005340576,0.006900186650454998,13.528911590576172,0.2290499061346054,1.8248319625854492
486,8424.662109375,8962.823054192202,13836.721194267273,0.002087221248075366,13.528891563415527,0.19145876169204712,1.9530041217803955
487,6153.99072265625,8822.381437615404,10476.76910686493,-0.0190622229129076,13.528911590576172,0.2363516390323639,1.8020429611206055
488,6329.10546875,8697.717639172133,10429.365572929382,0.011381369084119797,13.528935432434082,0.3813837468624115,1.753077745437622
489,8905.9560546875,8708.1295599479,14908.91395187378,0.0035980415996164083,13.528890609741211,0.2821844518184662,1.804107904434204
490,10254.97265625,8785.471714763004,17460.34490251541,-0.02915572188794613,13.528908729553223,0.31494030356407166,1.8068459033966064
491,10957.365234375,8894.066390743603,17330.849143981934,-3.765106157516129e-05,13.528883934020996,0.14580625295639038,2.35992693901062
492,7257.98388671875,8812.26226554236,12033.959414482117,-0.020126285031437874,13.528935432434082,0.20506015419960022,2.222338914871216
493,9846.720703125,8863.985187421491,16786.0244512558,-0.014379081316292286,13.528911590576172,0.18643705546855927,2.121455192565918
494,8588.23828125,8850.197842112917,13903.861389160156,0.009940995834767818,13.528886795043945,0.2644427716732025,2.154299259185791
495,8262.75,8820.82545000727,14062.180751800537,0.0009198379702866077,13.528894424438477,0.3242064416408539,1.8327701091766357
496,8675.7490234375,8813.571628678781,14090.701000213623,0.00706246355548501,13.528899192810059,0.3696077764034271,1.808156967163086
497,9415.609375,8843.67351599484,15183.402706384659,0.0004118156502954662,13.528894424438477,0.39107608795166016,1.7932679653167725
498,8609.923828125,8831.986031601347,14882.282929420471,-0.01958087831735611,13.528922080993652,0.3066910207271576,1.7599990367889404
499,8949.265625,8837.850011271279,14521.782218933105,0.016566811129450798,13.528918266296387,0.2437918782234192,1.8127617835998535
500,8846.60546875,8838.287784145214,14669.107593536377,0.018364792689681053,13.528911590576172,0.23324400186538696,1.851487159729004
